{"IL2DL":{"activated":true,"inputCurrent":0,"selected":false},"IL2VL":{"activated":true,"inputCurrent":0,"selected":false},"IL2L":{"activated":true,"inputCurrent":0,"selected":false},"URADL":{"activated":true,"inputCurrent":0,"selected":false},"IL1VL":{"activated":true,"inputCurrent":0,"selected":false},"IL2DR":{"activated":true,"inputCurrent":0,"selected":false},"IL1DL":{"activated":true,"inputCurrent":0,"selected":false},"OLLL":{"activated":true,"inputCurrent":0,"selected":false},"IL1L":{"activated":true,"inputCurrent":0,"selected":false},"URYDL":{"activated":true,"inputCurrent":0,"selected":false},"OLQDL":{"activated":true,"inputCurrent":0,"selected":false},"URYDR":{"activated":true,"inputCurrent":0,"selected":false},"IL2R":{"activated":true,"inputCurrent":0,"selected":false},"URYVL":{"activated":true,"inputCurrent":0,"selected":false},"RIPL":{"activated":true,"inputCurrent":0,"selected":false},"OLLR":{"activated":true,"inputCurrent":0,"selected":false},"URBL":{"activated":true,"inputCurrent":0,"selected":false},"IL2VR":{"activated":true,"inputCurrent":0,"selected":false},"IL1DR":{"activated":true,"inputCurrent":0,"selected":false},"URADR":{"activated":true,"inputCurrent":0,"selected":false},"IL1R":{"activated":true,"inputCurrent":0,"selected":false},"URAVL":{"activated":true,"inputCurrent":0,"selected":false},"OLQVL":{"activated":true,"inputCurrent":0,"selected":false},"RMED":{"activated":true,"inputCurrent":0,"selected":false},"URBR":{"activated":true,"inputCurrent":0,"selected":false},"OLQDR":{"activated":true,"inputCurrent":0,"selected":false},"URYVR":{"activated":true,"inputCurrent":0,"selected":false},"RIPR":{"activated":true,"inputCurrent":0,"selected":false},"RMEL":{"activated":true,"inputCurrent":0,"selected":false},"BAGL":{"activated":true,"inputCurrent":0,"selected":false},"CEPVL":{"activated":true,"inputCurrent":0,"selected":false},"BAGR":{"activated":true,"inputCurrent":0,"selected":false},"OLQVR":{"activated":true,"inputCurrent":0,"selected":false},"URAVR":{"activated":true,"inputCurrent":0,"selected":false},"RMER":{"activated":true,"inputCurrent":0,"selected":false},"IL1VR":{"activated":true,"inputCurrent":0,"selected":false},"RID":{"activated":true,"inputCurrent":0,"selected":false},"CEPVR":{"activated":true,"inputCurrent":0,"selected":false},"RMEV":{"activated":true,"inputCurrent":0,"selected":false},"CEPDL":{"activated":true,"inputCurrent":0,"selected":false},"RMDVL":{"activated":true,"inputCurrent":0,"selected":false},"SAAVL":{"activated":true,"inputCurrent":0,"selected":false},"SMDVL":{"activated":true,"inputCurrent":0,"selected":false},"URXL":{"activated":true,"inputCurrent":0,"selected":false},"ALA":{"activated":true,"inputCurrent":0,"selected":false},"RMDVR":{"activated":true,"inputCurrent":0,"selected":false},"CEPDR":{"activated":true,"inputCurrent":0,"selected":false},"AVAL":{"activated":true,"inputCurrent":0.2,"selected":true},"RIAL":{"activated":true,"inputCurrent":0,"selected":false},"ASKL":{"activated":true,"inputCurrent":0,"selected":false},"SAAVR":{"activated":true,"inputCurrent":0,"selected":false},"RMDL":{"activated":true,"inputCurrent":0,"selected":false},"URXR":{"activated":true,"inputCurrent":0,"selected":false},"SMDVR":{"activated":true,"inputCurrent":0,"selected":false},"AFDL":{"activated":true,"inputCurrent":0,"selected":false},"AVAR":{"activated":true,"inputCurrent":0.2,"selected":true},"RIAR":{"activated":true,"inputCurrent":0,"selected":false},"ASKR":{"activated":true,"inputCurrent":0,"selected":false},"AVEL":{"activated":true,"inputCurrent":0.09,"selected":true},"ADLL":{"activated":true,"inputCurrent":0,"selected":false},"ADFL":{"activated":true,"inputCurrent":0,"selected":false},"RMDR":{"activated":true,"inputCurrent":0,"selected":false},"AFDR":{"activated":true,"inputCurrent":0,"selected":false},"SIBDL":{"activated":true,"inputCurrent":0,"selected":false},"RIH":{"activated":true,"inputCurrent":0,"selected":false},"AWBL":{"activated":true,"inputCurrent":0,"selected":false},"AVER":{"activated":true,"inputCurrent":0.09,"selected":true},"RMDDL":{"activated":true,"inputCurrent":0,"selected":false},"AWCL":{"activated":true,"inputCurrent":0,"selected":false},"ADFR":{"activated":true,"inputCurrent":0,"selected":false},"ASGL":{"activated":true,"inputCurrent":0,"selected":false},"SAADL":{"activated":true,"inputCurrent":0,"selected":false},"ADLR":{"activated":true,"inputCurrent":0,"selected":false},"AWAL":{"activated":true,"inputCurrent":0,"selected":false},"AWBR":{"activated":true,"inputCurrent":0,"selected":false},"ASIL":{"activated":true,"inputCurrent":0,"selected":false},"ASHL":{"activated":true,"inputCurrent":0,"selected":false},"SIBDR":{"activated":true,"inputCurrent":0,"selected":false},"ASGR":{"activated":true,"inputCurrent":0,"selected":false},"AIBL":{"activated":true,"inputCurrent":0,"selected":false},"ASHR":{"activated":true,"inputCurrent":0,"selected":false},"AWCR":{"activated":true,"inputCurrent":0,"selected":false},"AWAR":{"activated":true,"inputCurrent":0,"selected":false},"SIBVL":{"activated":true,"inputCurrent":0,"selected":false},"RIVL":{"activated":true,"inputCurrent":0,"selected":false},"SMDDL":{"activated":true,"inputCurrent":0,"selected":false},"SAADR":{"activated":true,"inputCurrent":0,"selected":false},"RMHL":{"activated":true,"inputCurrent":0,"selected":false},"RMDDR":{"activated":true,"inputCurrent":0,"selected":false},"ASIR":{"activated":true,"inputCurrent":0,"selected":false},"AVHL":{"activated":true,"inputCurrent":0,"selected":false},"AVHR":{"activated":true,"inputCurrent":0,"selected":false},"RIVR":{"activated":true,"inputCurrent":0,"selected":false},"AIBR":{"activated":true,"inputCurrent":0,"selected":false},"RIBL":{"activated":true,"inputCurrent":0,"selected":false},"RMFL":{"activated":true,"inputCurrent":0,"selected":false},"AVBL":{"activated":true,"inputCurrent":0,"selected":false},"SIBVR":{"activated":true,"inputCurrent":0,"selected":false},"ASEL":{"activated":true,"inputCurrent":0,"selected":false},"AVJR":{"activated":true,"inputCurrent":0,"selected":false},"AUAL":{"activated":true,"inputCurrent":0,"selected":false},"SIADL":{"activated":true,"inputCurrent":0,"selected":false},"RMHR":{"activated":true,"inputCurrent":0,"selected":false},"AVJL":{"activated":true,"inputCurrent":0,"selected":false},"ASER":{"activated":true,"inputCurrent":0,"selected":false},"AVBR":{"activated":true,"inputCurrent":0,"selected":false},"RIBR":{"activated":true,"inputCurrent":0,"selected":false},"RMFR":{"activated":true,"inputCurrent":0,"selected":false},"SMDDR":{"activated":true,"inputCurrent":0,"selected":false},"AIAL":{"activated":true,"inputCurrent":0,"selected":false},"RIR":{"activated":true,"inputCurrent":0,"selected":false},"SMBDL":{"activated":true,"inputCurrent":0,"selected":false},"RIML":{"activated":true,"inputCurrent":0,"selected":false},"ASJL":{"activated":true,"inputCurrent":0,"selected":false},"RIMR":{"activated":true,"inputCurrent":0,"selected":false},"AUAR":{"activated":true,"inputCurrent":0,"selected":false},"AVDR":{"activated":true,"inputCurrent":0.09,"selected":true},"SMBVR":{"activated":true,"inputCurrent":0,"selected":false},"AVDL":{"activated":true,"inputCurrent":0.09,"selected":true},"AINL":{"activated":true,"inputCurrent":0,"selected":false},"SMBVL":{"activated":true,"inputCurrent":0,"selected":false},"ASJR":{"activated":true,"inputCurrent":0,"selected":false},"AINR":{"activated":true,"inputCurrent":0,"selected":false},"SIADR":{"activated":true,"inputCurrent":0,"selected":false},"AVL":{"activated":true,"inputCurrent":0,"selected":false},"RICL":{"activated":true,"inputCurrent":0,"selected":false},"AIAR":{"activated":true,"inputCurrent":0,"selected":false},"SMBDR":{"activated":true,"inputCurrent":0,"selected":false},"AIZR":{"activated":true,"inputCurrent":0,"selected":false},"SIAVL":{"activated":true,"inputCurrent":0,"selected":false},"SIAVR":{"activated":true,"inputCurrent":0,"selected":false},"RICR":{"activated":true,"inputCurrent":0,"selected":false},"AIZL":{"activated":true,"inputCurrent":0,"selected":false},"AIYR":{"activated":true,"inputCurrent":0,"selected":false},"AIMR":{"activated":true,"inputCurrent":0,"selected":false},"AIML":{"activated":true,"inputCurrent":0,"selected":false},"RIS":{"activated":true,"inputCurrent":0,"selected":false},"AIYL":{"activated":true,"inputCurrent":0,"selected":false},"VB02":{"activated":true,"inputCurrent":0,"selected":false},"AVKR":{"activated":true,"inputCurrent":0,"selected":false},"AVKL":{"activated":true,"inputCurrent":0,"selected":false},"AVFR":{"activated":true,"inputCurrent":0,"selected":false},"SABVL":{"activated":true,"inputCurrent":0,"selected":false},"FLPL":{"activated":true,"inputCurrent":0,"selected":false},"FLPR":{"activated":true,"inputCurrent":0,"selected":false},"SABVR":{"activated":true,"inputCurrent":0,"selected":false},"AVFL":{"activated":true,"inputCurrent":0,"selected":false},"AQR":{"activated":true,"inputCurrent":0,"selected":false},"RIFR":{"activated":true,"inputCurrent":0,"selected":false},"ADEL":{"activated":true,"inputCurrent":0,"selected":false},"VB01":{"activated":true,"inputCurrent":0,"selected":false},"ADER":{"activated":true,"inputCurrent":0,"selected":false},"DB02":{"activated":true,"inputCurrent":0,"selected":false},"ADAR":{"activated":true,"inputCurrent":0,"selected":false},"ADAL":{"activated":true,"inputCurrent":0,"selected":false},"RIGR":{"activated":true,"inputCurrent":0,"selected":false},"RMGL":{"activated":true,"inputCurrent":0,"selected":false},"RMGR":{"activated":true,"inputCurrent":0,"selected":false},"RIFL":{"activated":true,"inputCurrent":0,"selected":false},"AVG":{"activated":true,"inputCurrent":0,"selected":false},"VA01":{"activated":true,"inputCurrent":0,"selected":false},"SABD":{"activated":true,"inputCurrent":0,"selected":false},"RIGL":{"activated":true,"inputCurrent":0,"selected":false},"DD01":{"activated":true,"inputCurrent":0,"selected":false},"DB01":{"activated":true,"inputCurrent":0,"selected":false},"AS01":{"activated":true,"inputCurrent":0,"selected":false},"VD01":{"activated":true,"inputCurrent":0,"selected":false},"DA01":{"activated":true,"inputCurrent":0,"selected":false},"VD02":{"activated":true,"inputCurrent":0,"selected":false},"VA02":{"activated":true,"inputCurrent":0,"selected":false},"VB03":{"activated":true,"inputCurrent":0,"selected":false},"AS02":{"activated":true,"inputCurrent":0,"selected":false},"DB03":{"activated":true,"inputCurrent":0,"selected":false},"DA02":{"activated":true,"inputCurrent":0,"selected":false},"VD03":{"activated":true,"inputCurrent":0,"selected":false},"BDUR":{"activated":true,"inputCurrent":0,"selected":false},"BDUL":{"activated":true,"inputCurrent":0,"selected":false},"VA03":{"activated":true,"inputCurrent":0,"selected":false},"SDQR":{"activated":true,"inputCurrent":0,"selected":false},"VB04":{"activated":true,"inputCurrent":0,"selected":false},"VC01":{"activated":true,"inputCurrent":0,"selected":false},"DD02":{"activated":true,"inputCurrent":0,"selected":false},"AS03":{"activated":true,"inputCurrent":0,"selected":false},"VD04":{"activated":true,"inputCurrent":0,"selected":false},"DA03":{"activated":true,"inputCurrent":0,"selected":false},"VA04":{"activated":true,"inputCurrent":0,"selected":false},"VB05":{"activated":true,"inputCurrent":0,"selected":false},"VC02":{"activated":true,"inputCurrent":0,"selected":false},"DB04":{"activated":true,"inputCurrent":0,"selected":false},"AS04":{"activated":true,"inputCurrent":0,"selected":false},"VD05":{"activated":true,"inputCurrent":0,"selected":false},"VA05":{"activated":true,"inputCurrent":0,"selected":false},"AVM":{"activated":true,"inputCurrent":0,"selected":false},"VB06":{"activated":true,"inputCurrent":0,"selected":false},"DA04":{"activated":true,"inputCurrent":0,"selected":false},"DD03":{"activated":true,"inputCurrent":0,"selected":false},"ALML":{"activated":true,"inputCurrent":0.58,"selected":true},"ALMR":{"activated":true,"inputCurrent":0.58,"selected":true},"VC03":{"activated":true,"inputCurrent":0,"selected":false},"AS05":{"activated":true,"inputCurrent":0,"selected":false},"VD06":{"activated":true,"inputCurrent":0,"selected":false},"VA06":{"activated":true,"inputCurrent":0,"selected":false},"VB07":{"activated":true,"inputCurrent":0,"selected":false},"DB05":{"activated":true,"inputCurrent":0,"selected":false},"AS06":{"activated":true,"inputCurrent":0,"selected":false},"VD07":{"activated":true,"inputCurrent":0,"selected":false},"VC04":{"activated":true,"inputCurrent":0,"selected":false},"DA05":{"activated":true,"inputCurrent":0,"selected":false},"VC05":{"activated":true,"inputCurrent":0,"selected":false},"HSNR":{"activated":true,"inputCurrent":0,"selected":false},"HSNL":{"activated":true,"inputCurrent":0,"selected":false},"VA07":{"activated":true,"inputCurrent":0,"selected":false},"VB08":{"activated":true,"inputCurrent":0,"selected":false},"AS07":{"activated":true,"inputCurrent":0,"selected":false},"DD04":{"activated":true,"inputCurrent":0,"selected":false},"VD08":{"activated":true,"inputCurrent":0,"selected":false},"VA08":{"activated":true,"inputCurrent":0,"selected":false},"VB09":{"activated":true,"inputCurrent":0,"selected":false},"DB06":{"activated":true,"inputCurrent":0,"selected":false},"AS08":{"activated":true,"inputCurrent":0,"selected":false},"PDEL":{"activated":true,"inputCurrent":0,"selected":false},"VD09":{"activated":true,"inputCurrent":0,"selected":false},"PDER":{"activated":true,"inputCurrent":0,"selected":false},"SDQL":{"activated":true,"inputCurrent":0,"selected":false},"DA06":{"activated":true,"inputCurrent":0,"selected":false},"PVDL":{"activated":true,"inputCurrent":0,"selected":false},"PVDR":{"activated":true,"inputCurrent":0,"selected":false},"PVM":{"activated":true,"inputCurrent":0,"selected":false},"VA09":{"activated":true,"inputCurrent":0,"selected":false},"VB10":{"activated":true,"inputCurrent":0,"selected":false},"AS09":{"activated":true,"inputCurrent":0,"selected":false},"DD05":{"activated":true,"inputCurrent":0,"selected":false},"VD10":{"activated":true,"inputCurrent":0,"selected":false},"VA10":{"activated":true,"inputCurrent":0,"selected":false},"VB11":{"activated":true,"inputCurrent":0,"selected":false},"DB07":{"activated":true,"inputCurrent":0,"selected":false},"AS10":{"activated":true,"inputCurrent":0,"selected":false},"DA07":{"activated":true,"inputCurrent":0,"selected":false},"VD11":{"activated":true,"inputCurrent":0,"selected":false},"VA11":{"activated":true,"inputCurrent":0,"selected":false},"AS11":{"activated":true,"inputCurrent":0,"selected":false},"VD12":{"activated":true,"inputCurrent":0,"selected":false},"PVPR":{"activated":true,"inputCurrent":0,"selected":false},"PVT":{"activated":true,"inputCurrent":0,"selected":false},"VA12":{"activated":true,"inputCurrent":0,"selected":false},"DD06":{"activated":true,"inputCurrent":0,"selected":false},"PVPL":{"activated":true,"inputCurrent":0,"selected":false},"DA08":{"activated":true,"inputCurrent":0,"selected":false},"DA09":{"activated":true,"inputCurrent":0,"selected":false},"PDB":{"activated":true,"inputCurrent":0,"selected":false},"VD13":{"activated":true,"inputCurrent":0,"selected":false},"PDA":{"activated":true,"inputCurrent":0,"selected":false},"DVB":{"activated":true,"inputCurrent":0,"selected":false},"DVA":{"activated":true,"inputCurrent":0,"selected":false},"DVC":{"activated":true,"inputCurrent":0,"selected":false},"PVQR":{"activated":true,"inputCurrent":0,"selected":false},"PHAL":{"activated":true,"inputCurrent":0,"selected":false},"PHAR":{"activated":true,"inputCurrent":0,"selected":false},"PVQL":{"activated":true,"inputCurrent":0,"selected":false},"PLNR":{"activated":true,"inputCurrent":0,"selected":false},"LUAL":{"activated":true,"inputCurrent":0,"selected":false},"PVCL":{"activated":true,"inputCurrent":0,"selected":false},"PHBR":{"activated":true,"inputCurrent":0,"selected":false},"ALNL":{"activated":true,"inputCurrent":0,"selected":false},"PHBL":{"activated":true,"inputCurrent":0,"selected":false},"LUAR":{"activated":true,"inputCurrent":0,"selected":false},"ALNR":{"activated":true,"inputCurrent":0,"selected":false},"PVCR":{"activated":true,"inputCurrent":0,"selected":false},"PQR":{"activated":true,"inputCurrent":0,"selected":false},"PVR":{"activated":true,"inputCurrent":0,"selected":false},"PVWL":{"activated":true,"inputCurrent":0,"selected":false},"PVWR":{"activated":true,"inputCurrent":0,"selected":false},"PLNL":{"activated":true,"inputCurrent":0,"selected":false},"PHCR":{"activated":true,"inputCurrent":0,"selected":false},"PHCL":{"activated":true,"inputCurrent":0,"selected":false},"PVNR":{"activated":true,"inputCurrent":0,"selected":false},"PLMR":{"activated":true,"inputCurrent":0,"selected":false},"PVNL":{"activated":true,"inputCurrent":0,"selected":false},"PLML":{"activated":true,"inputCurrent":0,"selected":false}}